{"cameraMode":{"drawMode":0,"name":"Shaded","section":"Shading Mode"},"sceneLighting":false,"audioPlay":false,"sceneViewState":{"m_AlwaysRefresh":false,"showFog":true,"showSkybox":false,"showFlares":true,"showImageEffects":true,"showParticleSystems":true,"showVisualEffectGraphs":true,"m_FxEnabled":true},"in2DMode":false,"pivot":{"x":-0.07133916765451431,"y":0.6421491503715515,"z":5.680428981781006},"rotation":{"x":0.00461692176759243,"y":-0.999790370464325,"z":0.039239805191755298,"w":0.018397783860564233},"size":0.5074607729911804,"orthographic":false}