{"cameraMode":{"drawMode":0,"name":"Shaded","section":"Shading Mode"},"sceneLighting":false,"audioPlay":false,"sceneViewState":{"m_AlwaysRefresh":false,"showFog":true,"showSkybox":false,"showFlares":true,"showImageEffects":true,"showParticleSystems":true,"showVisualEffectGraphs":true,"m_FxEnabled":true},"in2DMode":false,"pivot":{"x":122.40933990478516,"y":0.634823739528656,"z":499.9864501953125},"rotation":{"x":-0.04099979251623154,"y":0.7334804534912109,"z":-0.052566707134246829,"w":-0.6796619892120361},"size":0.8917796611785889,"orthographic":false}