{"cameraMode":{"drawMode":0,"name":"Shaded","section":"Shading Mode"},"sceneLighting":false,"audioPlay":false,"sceneViewState":{"m_AlwaysRefresh":false,"showFog":true,"showSkybox":false,"showFlares":true,"showImageEffects":true,"showParticleSystems":true,"showVisualEffectGraphs":true,"m_FxEnabled":true},"in2DMode":false,"pivot":{"x":299.57940673828127,"y":99.22967529296875,"z":7.660950660705566},"rotation":{"x":0.008576721884310246,"y":0.03008466213941574,"z":0.004522045608609915,"w":-1.0002682209014893},"size":2.768435001373291,"orthographic":false}