{"cameraMode":{"drawMode":0,"name":"Shaded","section":"Shading Mode"},"sceneLighting":true,"audioPlay":false,"sceneViewState":{"m_AlwaysRefresh":false,"showFog":true,"showSkybox":false,"showFlares":true,"showImageEffects":true,"showParticleSystems":true,"showVisualEffectGraphs":true,"m_FxEnabled":true},"in2DMode":false,"pivot":{"x":-1.7471686601638795,"y":2.022639751434326,"z":-0.19327673316001893},"rotation":{"x":-0.10978353768587113,"y":-0.6866943836212158,"z":0.11476448178291321,"w":-0.7100681662559509},"size":0.8660253882408142,"orthographic":false}