{"cameraMode":{"drawMode":0,"name":"Shaded","section":"Shading Mode"},"sceneLighting":false,"audioPlay":false,"sceneViewState":{"m_AlwaysRefresh":false,"showFog":true,"showSkybox":false,"showFlares":true,"showImageEffects":true,"showParticleSystems":true,"showVisualEffectGraphs":true,"m_FxEnabled":true},"in2DMode":false,"pivot":{"x":399.8952941894531,"y":94.8165283203125,"z":24.818378448486329},"rotation":{"x":-0.04077152535319328,"y":-0.006992032751441002,"z":0.006787573453038931,"w":-0.9997939467430115},"size":12.766802787780762,"orthographic":false}