{"cameraMode":{"drawMode":0,"name":"Shaded","section":"Shading Mode"},"sceneLighting":false,"audioPlay":false,"sceneViewState":{"m_AlwaysRefresh":false,"showFog":true,"showSkybox":false,"showFlares":true,"showImageEffects":true,"showParticleSystems":true,"showVisualEffectGraphs":true,"m_FxEnabled":true},"in2DMode":false,"pivot":{"x":-6.608262062072754,"y":-4.213998317718506,"z":100.83287048339844},"rotation":{"x":0.02098715864121914,"y":-0.03298681229352951,"z":0.000691761844791472,"w":0.9992380738258362},"size":50.66547393798828,"orthographic":false}