{"cameraMode":{"drawMode":0,"name":"Shaded","section":"Shading Mode"},"sceneLighting":true,"audioPlay":false,"sceneViewState":{"m_AlwaysRefresh":false,"showFog":true,"showSkybox":false,"showFlares":true,"showImageEffects":true,"showParticleSystems":true,"showVisualEffectGraphs":true,"m_FxEnabled":true},"in2DMode":false,"pivot":{"x":-2.2451372146606447,"y":2.1819071769714357,"z":-0.30844223499298098},"rotation":{"x":-0.12995371222496034,"y":-0.6842398047447205,"z":0.1342935860157013,"w":-0.7055932879447937},"size":0.6371283531188965,"orthographic":false}