{"cameraMode":{"drawMode":0,"name":"Shaded","section":"Shading Mode"},"sceneLighting":false,"audioPlay":false,"sceneViewState":{"m_AlwaysRefresh":false,"showFog":true,"showSkybox":false,"showFlares":true,"showImageEffects":true,"showParticleSystems":true,"showVisualEffectGraphs":true,"m_FxEnabled":true},"in2DMode":false,"pivot":{"x":-0.15157076716423036,"y":0.09147259593009949,"z":0.6222280859947205},"rotation":{"x":0.13651590049266816,"y":-0.01397753693163395,"z":-0.0022763856686651708,"w":0.9912877678871155},"size":0.5803864598274231,"orthographic":false}