{"cameraMode":{"drawMode":0,"name":"Shaded","section":"Shading Mode"},"sceneLighting":false,"audioPlay":false,"sceneViewState":{"m_AlwaysRefresh":false,"showFog":true,"showSkybox":false,"showFlares":true,"showImageEffects":true,"showParticleSystems":true,"showVisualEffectGraphs":true,"m_FxEnabled":true},"in2DMode":false,"pivot":{"x":0.38568925857543948,"y":0.8491869568824768,"z":0.45298445224761965},"rotation":{"x":0.1140834167599678,"y":-0.38470175862312319,"z":0.04685696214437485,"w":0.9151141047477722},"size":1.2247449159622193,"orthographic":false}