{"cameraMode":{"drawMode":0,"name":"Shaded","section":"Shading Mode"},"sceneLighting":false,"audioPlay":false,"sceneViewState":{"m_AlwaysRefresh":false,"showFog":true,"showSkybox":false,"showFlares":true,"showImageEffects":true,"showParticleSystems":true,"showVisualEffectGraphs":true,"m_FxEnabled":true},"in2DMode":false,"pivot":{"x":0.35480770468711855,"y":2.158292531967163,"z":-2.179509401321411},"rotation":{"x":0.24969930946826936,"y":0.003952168393880129,"z":-0.0002865532005671412,"w":0.9685647487640381},"size":0.14945855736732484,"orthographic":false}