{"cameraMode":{"drawMode":0,"name":"Shaded","section":"Shading Mode"},"sceneLighting":false,"audioPlay":false,"sceneViewState":{"m_AlwaysRefresh":false,"showFog":true,"showSkybox":false,"showFlares":true,"showImageEffects":true,"showParticleSystems":true,"showVisualEffectGraphs":true,"m_FxEnabled":true},"in2DMode":false,"pivot":{"x":15.341692924499512,"y":1.7883859872817994,"z":-2.2820000648498537},"rotation":{"x":0.29133376479148867,"y":-0.14287644624710084,"z":0.043036215007305148,"w":0.9453070759773254},"size":1.6534132957458497,"orthographic":false}