{"cameraMode":{"drawMode":0,"name":"Shaded","section":"Shading Mode"},"sceneLighting":true,"audioPlay":false,"sceneViewState":{"m_AlwaysRefresh":false,"showFog":true,"showSkybox":false,"showFlares":true,"showImageEffects":true,"showParticleSystems":true,"showVisualEffectGraphs":true,"m_FxEnabled":true},"in2DMode":false,"pivot":{"x":18.504840850830079,"y":-0.5741744041442871,"z":-1.279153823852539},"rotation":{"x":-0.1719372570514679,"y":0.034323111176490787,"z":-0.006075138226151466,"w":-0.9850444197654724},"size":1.8737685680389405,"orthographic":false}