{"cameraMode":{"drawMode":0,"name":"Shaded","section":"Shading Mode"},"sceneLighting":true,"audioPlay":false,"sceneViewState":{"m_AlwaysRefresh":false,"showFog":true,"showSkybox":false,"showFlares":true,"showImageEffects":true,"showParticleSystems":true,"showVisualEffectGraphs":true,"m_FxEnabled":true},"in2DMode":false,"pivot":{"x":-1.883833885192871,"y":1.9849408864974976,"z":-0.3719498813152313},"rotation":{"x":0.15402619540691377,"y":0.6113858222961426,"z":-0.13003629446029664,"w":0.7658465504646301},"size":0.8419141173362732,"orthographic":false}