{"cameraMode":{"drawMode":0,"name":"Shaded","section":"Shading Mode"},"sceneLighting":false,"audioPlay":false,"sceneViewState":{"m_AlwaysRefresh":false,"showFog":true,"showSkybox":false,"showFlares":true,"showImageEffects":true,"showParticleSystems":true,"showVisualEffectGraphs":true,"m_FxEnabled":true},"in2DMode":false,"pivot":{"x":5.178170204162598,"y":98.1822280883789,"z":13.183143615722657},"rotation":{"x":-0.046690601855516437,"y":-0.017458008602261545,"z":0.007547659333795309,"w":-0.9993829131126404},"size":12.12435531616211,"orthographic":false}