{"cameraMode":{"drawMode":0,"name":"Shaded","section":"Shading Mode"},"sceneLighting":false,"audioPlay":false,"sceneViewState":{"m_AlwaysRefresh":false,"showFog":true,"showSkybox":false,"showFlares":true,"showImageEffects":true,"showParticleSystems":true,"showVisualEffectGraphs":true,"m_FxEnabled":true},"in2DMode":false,"pivot":{"x":-0.48906761407852175,"y":1.1703968048095704,"z":-4.492556095123291},"rotation":{"x":-0.15761634707450868,"y":-0.7660408020019531,"z":0.21222545206546784,"w":-0.5872479677200317},"size":0.030916845425963403,"orthographic":false}