{"cameraMode":{"drawMode":0,"name":"Shaded","section":"Shading Mode"},"sceneLighting":true,"audioPlay":false,"sceneViewState":{"m_AlwaysRefresh":false,"showFog":true,"showSkybox":false,"showFlares":true,"showImageEffects":true,"showParticleSystems":true,"showVisualEffectGraphs":true,"m_FxEnabled":true},"in2DMode":false,"pivot":{"x":11.814234733581543,"y":-11.537323951721192,"z":-23.003589630126954},"rotation":{"x":-0.03885919228196144,"y":-0.9437230229377747,"z":0.30636587738990786,"w":-0.12207163870334625},"size":12.12435531616211,"orthographic":false}