{"cameraMode":{"drawMode":0,"name":"Shaded","section":"Shading Mode"},"sceneLighting":false,"audioPlay":false,"sceneViewState":{"m_AlwaysRefresh":false,"showFog":true,"showSkybox":true,"showFlares":true,"showImageEffects":true,"showParticleSystems":true,"showVisualEffectGraphs":true,"m_FxEnabled":true},"in2DMode":false,"pivot":{"x":3.423649311065674,"y":2.125336170196533,"z":0.0737176388502121},"rotation":{"x":0.08302657306194306,"y":-0.5139408707618713,"z":0.048943933099508288,"w":0.8528406023979187},"size":0.034641001373529437,"orthographic":false}