{"cameraMode":{"drawMode":0,"name":"Shaded","section":"Shading Mode"},"sceneLighting":false,"audioPlay":false,"sceneViewState":{"m_AlwaysRefresh":false,"showFog":true,"showSkybox":true,"showFlares":true,"showImageEffects":true,"showParticleSystems":true,"showVisualEffectGraphs":true,"m_FxEnabled":true},"in2DMode":false,"pivot":{"x":2.468787670135498,"y":1.8051189184188843,"z":0.15171082317829133},"rotation":{"x":-0.027333607897162439,"y":0.48632577061653139,"z":-0.013826342299580574,"w":-0.873610258102417},"size":0.8660253882408142,"orthographic":false}