{"cameraMode":{"drawMode":0,"name":"Shaded","section":"Shading Mode"},"sceneLighting":false,"audioPlay":false,"sceneViewState":{"m_AlwaysRefresh":false,"showFog":true,"showSkybox":true,"showFlares":true,"showImageEffects":true,"showParticleSystems":true,"showVisualEffectGraphs":true,"m_FxEnabled":true},"in2DMode":false,"pivot":{"x":0.13926322758197785,"y":1.4641101360321046,"z":2.373781442642212},"rotation":{"x":-0.046947311609983447,"y":0.4266579747200012,"z":-0.021156087517738344,"w":-0.9033923149108887},"size":2.355144739151001,"orthographic":false}