{"cameraMode":{"drawMode":0,"name":"Shaded","section":"Shading Mode"},"sceneLighting":false,"audioPlay":false,"sceneViewState":{"m_AlwaysRefresh":false,"showFog":true,"showSkybox":true,"showFlares":true,"showImageEffects":true,"showParticleSystems":true,"showVisualEffectGraphs":true,"m_FxEnabled":true},"in2DMode":false,"pivot":{"x":4.0900068283081059,"y":2.13798451423645,"z":-0.01770332083106041},"rotation":{"x":0.0491320863366127,"y":-0.49832695722579958,"z":0.027079621329903604,"w":0.8655419945716858},"size":0.04591315984725952,"orthographic":false}