{"cameraMode":{"drawMode":0,"name":"Shaded","section":"Shading Mode"},"sceneLighting":false,"audioPlay":false,"sceneViewState":{"m_AlwaysRefresh":false,"showFog":true,"showSkybox":true,"showFlares":true,"showImageEffects":true,"showParticleSystems":true,"showVisualEffectGraphs":true,"m_FxEnabled":true},"in2DMode":false,"pivot":{"x":4.011483192443848,"y":2.827178716659546,"z":-0.9492478966712952},"rotation":{"x":-0.11001206934452057,"y":0.4079607129096985,"z":-0.04855075851082802,"w":-0.9054954051971436},"size":0.039209671318531039,"orthographic":false}