{"cameraMode":{"drawMode":0,"name":"Shaded","section":"Shading Mode"},"sceneLighting":false,"audioPlay":false,"sceneViewState":{"m_AlwaysRefresh":false,"showFog":true,"showSkybox":true,"showFlares":true,"showImageEffects":true,"showParticleSystems":true,"showVisualEffectGraphs":true,"m_FxEnabled":true},"in2DMode":false,"pivot":{"x":3.6136155128479006,"y":1.9831111431121827,"z":-0.31364259123802187},"rotation":{"x":0.041394513100385669,"y":-0.49503856897354128,"z":0.022263525053858758,"w":0.8680264353752136},"size":0.034641001373529437,"orthographic":false}