{"cameraMode":{"drawMode":0,"name":"Shaded","section":"Shading Mode"},"sceneLighting":false,"audioPlay":false,"sceneViewState":{"m_AlwaysRefresh":false,"showFog":true,"showSkybox":true,"showFlares":true,"showImageEffects":true,"showParticleSystems":true,"showVisualEffectGraphs":true,"m_FxEnabled":true},"in2DMode":false,"pivot":{"x":2.8032121658325197,"y":2.569236993789673,"z":0.650654673576355},"rotation":{"x":0.13646434247493745,"y":-0.43121975660324099,"z":0.06572967022657395,"w":0.889928936958313},"size":0.8660253882408142,"orthographic":false}