{"cameraMode":{"drawMode":0,"name":"Shaded","section":"Shading Mode"},"sceneLighting":false,"audioPlay":false,"sceneViewState":{"m_AlwaysRefresh":false,"showFog":true,"showSkybox":true,"showFlares":true,"showImageEffects":true,"showParticleSystems":true,"showVisualEffectGraphs":true,"m_FxEnabled":true},"in2DMode":false,"pivot":{"x":3.124377489089966,"y":1.9381473064422608,"z":-0.3885023295879364},"rotation":{"x":-0.08602716773748398,"y":0.45741182565689089,"z":-0.043459806591272357,"w":-0.884475588798523},"size":0.039209671318531039,"orthographic":false}