{"cameraMode":{"drawMode":0,"name":"Shaded","section":"Shading Mode"},"sceneLighting":false,"audioPlay":false,"sceneViewState":{"m_AlwaysRefresh":false,"showFog":true,"showSkybox":true,"showFlares":true,"showImageEffects":true,"showParticleSystems":true,"showVisualEffectGraphs":true,"m_FxEnabled":true},"in2DMode":false,"pivot":{"x":3.69291090965271,"y":2.2464044094085695,"z":-0.6310153007507324},"rotation":{"x":0.08024326711893082,"y":-0.4970276951789856,"z":0.04501490294933319,"w":0.8632135391235352},"size":0.04591315984725952,"orthographic":false}