{"cameraMode":{"drawMode":0,"name":"Shaded","section":"Shading Mode"},"sceneLighting":false,"audioPlay":false,"sceneViewState":{"m_AlwaysRefresh":false,"showFog":true,"showSkybox":true,"showFlares":true,"showImageEffects":true,"showParticleSystems":true,"showVisualEffectGraphs":true,"m_FxEnabled":true},"in2DMode":false,"pivot":{"x":0.1546216905117035,"y":12.911455154418946,"z":3.9524285793304445},"rotation":{"x":0.6132256388664246,"y":-0.21828186511993409,"z":0.18142209947109223,"w":0.7377389669418335},"size":0.8660253882408142,"orthographic":false}