{"cameraMode":{"drawMode":0,"name":"Shaded","section":"Shading Mode"},"sceneLighting":false,"audioPlay":false,"sceneViewState":{"m_AlwaysRefresh":false,"showFog":true,"showSkybox":true,"showFlares":true,"showImageEffects":true,"showParticleSystems":true,"showVisualEffectGraphs":true,"m_FxEnabled":true},"in2DMode":false,"pivot":{"x":-1.3844107389450074,"y":1.348227620124817,"z":2.4323103427886965},"rotation":{"x":-0.04310726001858711,"y":0.47881224751472475,"z":-0.02223072201013565,"w":-0.8770267963409424},"size":2.598076105117798,"orthographic":false}