{"cameraMode":{"drawMode":0,"name":"Shaded","section":"Shading Mode"},"sceneLighting":false,"audioPlay":false,"sceneViewState":{"m_AlwaysRefresh":false,"showFog":true,"showSkybox":true,"showFlares":true,"showImageEffects":true,"showParticleSystems":true,"showVisualEffectGraphs":true,"m_FxEnabled":true},"in2DMode":false,"pivot":{"x":3.410080909729004,"y":1.7430548667907715,"z":-0.6382923126220703},"rotation":{"x":-0.01916871778666973,"y":0.49464502930641177,"z":-0.00977112166583538,"w":-0.8692412376403809},"size":0.034641001373529437,"orthographic":false}