{"cameraMode":{"drawMode":0,"name":"Shaded","section":"Shading Mode"},"sceneLighting":true,"audioPlay":false,"sceneViewState":{"m_AlwaysRefresh":false,"showFog":true,"showSkybox":true,"showFlares":true,"showImageEffects":true,"showParticleSystems":true,"showVisualEffectGraphs":true,"m_FxEnabled":true},"in2DMode":false,"pivot":{"x":-268.62701416015627,"y":2.636213779449463,"z":121.40765380859375},"rotation":{"x":-0.04729295149445534,"y":0.4247094690799713,"z":-0.02135055512189865,"w":-0.9040277004241943},"size":2.2357170581817629,"orthographic":false}