{"cameraMode":{"drawMode":0,"name":"Shaded","section":"Shading Mode"},"sceneLighting":true,"audioPlay":false,"sceneViewState":{"m_AlwaysRefresh":false,"showFog":true,"showSkybox":true,"showFlares":true,"showImageEffects":false,"showParticleSystems":true,"showVisualEffectGraphs":true,"m_FxEnabled":true},"in2DMode":false,"pivot":{"x":18.030412673950197,"y":2.731926918029785,"z":2.753267526626587},"rotation":{"x":-0.01868467777967453,"y":0.8824185132980347,"z":-0.041390299797058108,"w":-0.46919193863868716},"size":0.8660253882408142,"orthographic":false}