{"cameraMode":{"drawMode":0,"name":"Shaded","section":"Shading Mode"},"sceneLighting":true,"audioPlay":false,"sceneViewState":{"m_AlwaysRefresh":false,"showFog":true,"showSkybox":true,"showFlares":true,"showImageEffects":true,"showParticleSystems":true,"showVisualEffectGraphs":true,"m_FxEnabled":true},"in2DMode":false,"pivot":{"x":47.858524322509769,"y":19.20343589782715,"z":15.070625305175782},"rotation":{"x":0.023837892338633539,"y":-0.39131960272789,"z":0.002268372103571892,"w":0.9209774136543274},"size":0.8660253882408142,"orthographic":false}