{"cameraMode":{"drawMode":0,"name":"Shaded","section":"Shading Mode"},"sceneLighting":false,"audioPlay":false,"sceneViewState":{"m_AlwaysRefresh":false,"showFog":true,"showSkybox":false,"showFlares":true,"showImageEffects":true,"showParticleSystems":true,"showVisualEffectGraphs":true,"m_FxEnabled":true},"in2DMode":false,"pivot":{"x":-0.02223885804414749,"y":-0.1685190051794052,"z":0.6664711833000183},"rotation":{"x":0.18332670629024507,"y":0.0368550606071949,"z":-0.006878538988530636,"w":0.9823406934738159},"size":0.36657199263572695,"orthographic":false}