{"cameraMode":{"drawMode":0,"name":"Shaded","section":"Shading Mode"},"sceneLighting":false,"audioPlay":false,"sceneViewState":{"m_AlwaysRefresh":false,"showFog":true,"showSkybox":false,"showFlares":true,"showImageEffects":true,"showParticleSystems":true,"showVisualEffectGraphs":true,"m_FxEnabled":true},"in2DMode":false,"pivot":{"x":-0.035653769969940189,"y":0.9878000020980835,"z":-0.5203962326049805},"rotation":{"x":0.18426086008548737,"y":-0.265743613243103,"z":0.05112750455737114,"w":0.9454213380813599},"size":0.9941078424453735,"orthographic":false}