{"cameraMode":{"drawMode":0,"name":"Shaded","section":"Shading Mode"},"sceneLighting":false,"audioPlay":false,"sceneViewState":{"m_AlwaysRefresh":false,"showFog":true,"showSkybox":false,"showFlares":true,"showImageEffects":true,"showParticleSystems":true,"showVisualEffectGraphs":true,"m_FxEnabled":true},"in2DMode":false,"pivot":{"x":0.9039433002471924,"y":0.44031497836112978,"z":-2.2720344066619875},"rotation":{"x":0.05247896909713745,"y":-0.2666224241256714,"z":0.020064683631062509,"w":0.9644359946250916},"size":0.08119805157184601,"orthographic":false}