{"cameraMode":{"drawMode":0,"name":"Shaded","section":"Shading Mode"},"sceneLighting":false,"audioPlay":false,"sceneViewState":{"m_AlwaysRefresh":false,"showFog":true,"showSkybox":false,"showFlares":true,"showImageEffects":true,"showParticleSystems":true,"showVisualEffectGraphs":true,"m_FxEnabled":true},"in2DMode":false,"pivot":{"x":-0.5160443782806397,"y":0.06159611791372299,"z":-1.1678135395050049},"rotation":{"x":-0.05862996727228165,"y":0.9089184999465942,"z":-0.13783517479896546,"w":-0.38993316888809206},"size":0.7415576577186585,"orthographic":false}