{"cameraMode":{"drawMode":0,"name":"Shaded","section":"Shading Mode"},"sceneLighting":false,"audioPlay":false,"sceneViewState":{"m_AlwaysRefresh":false,"showFog":true,"showSkybox":false,"showFlares":true,"showImageEffects":true,"showParticleSystems":true,"showVisualEffectGraphs":true,"m_FxEnabled":true},"in2DMode":false,"pivot":{"x":3.713409423828125,"y":97.63790893554688,"z":32.124717712402347},"rotation":{"x":-0.04358892887830734,"y":-0.040792547166347507,"z":0.006629854906350374,"w":-0.999016284942627},"size":18.64933967590332,"orthographic":false}