{"cameraMode":{"drawMode":0,"name":"Shaded","section":"Shading Mode"},"sceneLighting":false,"audioPlay":false,"sceneViewState":{"m_AlwaysRefresh":false,"showFog":true,"showSkybox":false,"showFlares":true,"showImageEffects":true,"showParticleSystems":true,"showVisualEffectGraphs":true,"m_FxEnabled":true},"in2DMode":false,"pivot":{"x":-1.0800020694732667,"y":-0.9524077773094177,"z":0.17170874774456025},"rotation":{"x":0.054703306406736377,"y":0.7640569806098938,"z":-0.07576590776443482,"w":0.6391642093658447},"size":1.1621408462524415,"orthographic":false}