{"cameraMode":{"drawMode":0,"name":"Shaded","section":"Shading Mode"},"sceneLighting":false,"audioPlay":false,"sceneViewState":{"m_AlwaysRefresh":false,"showFog":true,"showSkybox":false,"showFlares":true,"showImageEffects":true,"showParticleSystems":true,"showVisualEffectGraphs":true,"m_FxEnabled":true},"in2DMode":false,"pivot":{"x":-268.8320617675781,"y":1.8101511001586915,"z":118.05056762695313},"rotation":{"x":0.13631881773471833,"y":-0.09642323851585388,"z":0.013375801034271717,"w":0.9859238862991333},"size":0.3691239058971405,"orthographic":false}