{"cameraMode":{"drawMode":0,"name":"Shaded","section":"Shading Mode"},"sceneLighting":true,"audioPlay":false,"sceneViewState":{"m_AlwaysRefresh":false,"showFog":true,"showSkybox":false,"showFlares":true,"showImageEffects":true,"showParticleSystems":true,"showVisualEffectGraphs":true,"m_FxEnabled":true},"in2DMode":false,"pivot":{"x":-2.6795294284820558,"y":3.0064101219177248,"z":-2.979793071746826},"rotation":{"x":0.15143664181232453,"y":0.507652223110199,"z":-0.09916679561138153,"w":0.8429548740386963},"size":0.017112934961915017,"orthographic":false}