{"cameraMode":{"drawMode":0,"name":"Shaded","section":"Shading Mode"},"sceneLighting":true,"audioPlay":false,"sceneViewState":{"m_AlwaysRefresh":false,"showFog":true,"showSkybox":true,"showFlares":true,"showImageEffects":true,"showParticleSystems":true,"showVisualEffectGraphs":true,"m_FxEnabled":true},"in2DMode":false,"pivot":{"x":0.05803897976875305,"y":7.588188171386719,"z":-12.966497421264649},"rotation":{"x":-0.22771728038787843,"y":0.007497022859752178,"z":0.0007486033719033003,"w":-0.9747093319892883},"size":2.2845325469970705,"orthographic":false}