{"cameraMode":{"drawMode":0,"name":"Shaded","section":"Shading Mode"},"sceneLighting":false,"audioPlay":false,"sceneViewState":{"m_AlwaysRefresh":false,"showFog":true,"showSkybox":false,"showFlares":true,"showImageEffects":true,"showParticleSystems":true,"showVisualEffectGraphs":true,"m_FxEnabled":true},"in2DMode":false,"pivot":{"x":11.341713905334473,"y":1.2945064306259156,"z":-1.1384445428848267},"rotation":{"x":-0.18956579267978669,"y":-0.49700796604156496,"z":0.11279528588056565,"w":-0.8397825360298157},"size":0.8660253882408142,"orthographic":false}