{"cameraMode":{"drawMode":0,"name":"Shaded","section":"Shading Mode"},"sceneLighting":false,"audioPlay":false,"sceneViewState":{"m_AlwaysRefresh":false,"showFog":true,"showSkybox":false,"showFlares":true,"showImageEffects":true,"showParticleSystems":true,"showVisualEffectGraphs":true,"m_FxEnabled":true},"in2DMode":false,"pivot":{"x":13.809627532958985,"y":0.2094527930021286,"z":-2.6800472736358644},"rotation":{"x":0.29133376479148867,"y":-0.14287644624710084,"z":0.043036215007305148,"w":0.9453070759773254},"size":0.8660290241241455,"orthographic":false}