{"cameraMode":{"drawMode":0,"name":"Shaded","section":"Shading Mode"},"sceneLighting":false,"audioPlay":false,"sceneViewState":{"m_AlwaysRefresh":false,"showFog":true,"showSkybox":false,"showFlares":true,"showImageEffects":true,"showParticleSystems":true,"showVisualEffectGraphs":true,"m_FxEnabled":true},"in2DMode":false,"pivot":{"x":0.14372164011001588,"y":0.788234293460846,"z":0.5226699113845825},"rotation":{"x":-0.006831625010818243,"y":0.9939975738525391,"z":0.11188848316669464,"w":0.02937087044119835},"size":0.11892100423574448,"orthographic":false}